<?xml version="1.0" encoding="UTF-8"?>
<project-private xmlns="http://www.netbeans.org/ns/project-private/1">
    <editor-bookmarks xmlns="http://www.netbeans.org/ns/editor-bookmarks/2" lastBookmarkId="0"/>
    <open-files xmlns="http://www.netbeans.org/ns/projectui-open-files/2">
        <group>
            <file>file:/C:/Users/ezzeb/OneDrive/Documentos/NetBeansProjects/Bainer.Parcial1.121/src/bainer/parcial1/pkg121/BainerParcial1121.java</file>
            <file>file:/C:/Users/ezzeb/OneDrive/Documentos/NetBeansProjects/Bainer.Parcial1.121/src/bainer/parcial1/pkg121/ModeloRepetido.java</file>
            <file>file:/C:/Users/ezzeb/OneDrive/Documentos/NetBeansProjects/Bainer.Parcial1.121/src/bainer/parcial1/pkg121/Modelo.java</file>
            <file>file:/C:/Users/ezzeb/OneDrive/Documentos/NetBeansProjects/Bainer.Parcial1.121/src/bainer/parcial1/pkg121/CentroDeEntrenamiento.java</file>
        </group>
    </open-files>
</project-private>
